{
  "2": {
    "wezly": [0.585789, 3.414214],
    "wagiWezlow": [0.853553, 0.146447]
  },
  "3": {
    "wezly": [0.415775, 2.294280, 6.289945],
    "wagiWezlow": [0.711093, 0.278518, 0.010389]
  },
  "4": {
    "wezly": [0.322548, 1.745761, 4.536620, 9.395071],
    "wagiWezlow": [0.603154, 0.357419, 0.038888, 0.000539]
  },
  "5": {
    "wezly": [0.263560, 1.413403, 3.596426, 7.085810, 12.640801],
    "wagiWezlow": [0.521756, 0.398667, 0.075942, 0.003612, 0.000023]
  }
}
